{"cameraMode":{"drawMode":0,"name":"Shaded","section":"Shading Mode"},"sceneLighting":true,"audioPlay":false,"sceneViewState":{"showFog":false,"showMaterialUpdate":false,"showSkybox":true,"showFlares":false,"showImageEffects":false,"showParticleSystems":false},"in2DMode":false,"pivot":{"x":-1.484351396560669,"y":0.44948163628578188,"z":0.42134061455726626},"rotation":{"x":0.04447915032505989,"y":-0.9497324824333191,"z":0.1587427258491516,"w":0.2662331163883209},"size":3.9140841960906984,"orthographic":false}